2025-05-20,00:46:13,None
2025-05-20,00:46:16,None
2025-05-20,00:46:18,None
2025-05-20,00:46:20,None
2025-05-20,00:46:22,None
2025-05-20,00:46:24,None
2025-05-20,00:46:26,None
2025-05-20,00:46:28,None
2025-05-20,00:46:30,None
2025-05-20,00:46:32,None
2025-05-20,00:46:34,None
2025-05-20,02:38:58,None
2025-05-20,02:39:00,None
2025-05-20,02:39:02,None
2025-05-20,02:39:04,None
2025-05-20,02:39:06,None
2025-05-20,02:39:08,None
2025-05-20,03:14:35,None
2025-05-20,03:14:37,None
2025-05-20,03:14:39,None
2025-05-20,03:14:41,None
2025-05-20,03:14:43,None
2025-05-20,03:14:45,None
2025-05-20,03:14:47,None
2025-05-20,03:14:49,Unknown
2025-05-20,03:14:51,Unknown
2025-05-20,03:14:53,Kirill
2025-05-20,03:14:55,Kirill
2025-05-20,03:14:57,None
2025-05-20,03:14:59,None
2025-05-20,03:17:10,None
2025-05-20,03:17:12,Kirill
2025-05-20,03:17:14,Kirill
2025-05-20,03:17:16,Kirill
2025-05-20,03:17:18,Kirill
2025-05-20,03:20:51,None
2025-05-20,03:20:53,Kirill
2025-05-20,03:20:55,Unknown
2025-05-20,03:20:57,Kirill
2025-05-20,03:20:59,None
2025-05-20,03:28:35,None
2025-05-20,03:28:37,None
2025-05-20,03:28:39,None
2025-05-20,03:28:41,None
2025-05-20,03:28:43,None
2025-05-20,03:28:45,None
2025-05-20,03:28:47,None
2025-05-20,03:28:49,None
2025-05-20,03:28:51,Kirill
2025-05-20,03:28:54,Unknown
2025-05-20,03:28:55,Kirill
2025-05-20,03:28:57,Kirill
2025-05-20,03:29:00,Kirill
2025-05-20,03:29:02,Kirill
2025-05-20,03:29:03,None
2025-05-20,03:29:05,None
2025-05-20,03:29:07,None
2025-05-20,03:29:09,None
2025-05-20,03:29:11,None
2025-05-20,03:29:13,None
2025-05-20,03:29:15,None
2025-05-20,03:29:17,None
2025-05-20,03:29:19,None
2025-05-20,03:29:21,None
2025-05-20,03:29:23,None
2025-05-20,03:29:25,None
