2025-05-24,22:53:46,пустить счета грузится моя веркой ты там видишь меня не
2025-05-24,22:53:51,пока не увидишь вечность и вот видишь определяет и
2025-05-24,22:53:55,это что происходит такс слова ты к
2025-05-24,22:53:59,что происходит
2025-05-24,22:54:02,под течение
2025-05-24,22:54:07,пост ост так детектив от меня
2025-05-24,22:54:11,она еду
2025-05-24,22:54:16,а ещё надо ты как
2025-05-24,22:54:19,целях телефон но есть такая там подписку все
2025-05-24,22:54:24,получилось так это фигур индекс
