2025-05-20,00:46:16,None
2025-05-20,00:46:16,None
2025-05-20,00:46:18,None
2025-05-20,00:46:20,None
2025-05-20,00:46:22,None
2025-05-20,00:46:24,None
2025-05-20,00:46:26,None
2025-05-20,00:46:28,None
2025-05-20,00:46:30,None
2025-05-20,00:46:32,None
2025-05-20,00:46:34,None
2025-05-20,02:39:00,None
2025-05-20,02:39:00,None
2025-05-20,02:39:02,None
2025-05-20,02:39:04,None
2025-05-20,02:39:06,None
2025-05-20,02:39:09,None
2025-05-20,03:14:37,None
2025-05-20,03:14:37,None
2025-05-20,03:14:39,None
2025-05-20,03:14:41,None
2025-05-20,03:14:43,people
2025-05-20,03:14:45,food,technic
2025-05-20,03:14:47,food,technic
2025-05-20,03:14:50,people
2025-05-20,03:14:52,people
2025-05-20,03:14:54,people
2025-05-20,03:14:56,people
2025-05-20,03:14:57,None
2025-05-20,03:14:59,None
2025-05-20,03:17:12,None
2025-05-20,03:17:12,people
2025-05-20,03:17:14,people
2025-05-20,03:17:16,people
2025-05-20,03:17:18,people
2025-05-20,03:20:53,None
2025-05-20,03:20:53,people
2025-05-20,03:20:55,people
2025-05-20,03:20:57,people
2025-05-20,03:20:59,None
2025-05-20,03:28:37,None
2025-05-20,03:28:37,None
2025-05-20,03:28:39,None
2025-05-20,03:28:41,people
2025-05-20,03:28:43,food,technic
2025-05-20,03:28:45,food
2025-05-20,03:28:47,food
2025-05-20,03:28:49,food,technic
2025-05-20,03:28:52,people
2025-05-20,03:28:54,people
2025-05-20,03:28:56,people
2025-05-20,03:28:58,people
2025-05-20,03:29:00,people
2025-05-20,03:29:02,people
2025-05-20,03:29:03,None
2025-05-20,03:29:05,None
2025-05-20,03:29:07,None
2025-05-20,03:29:09,None
2025-05-20,03:29:11,None
2025-05-20,03:29:13,None
2025-05-20,03:29:15,None
2025-05-20,03:29:18,None
2025-05-20,03:29:20,None
2025-05-20,03:29:22,None
2025-05-20,03:29:24,None
2025-05-20,03:29:26,None
2025-05-20,03:55:16,None
2025-05-20,03:55:16,None
2025-05-20,03:55:18,None
2025-05-20,03:55:20,None
2025-05-20,03:55:22,None
2025-05-20,03:55:24,None
2025-05-20,03:55:26,None
2025-05-20,03:55:28,None
2025-05-20,03:55:30,None
2025-05-20,03:56:23,None
2025-05-20,03:56:23,None
2025-05-20,03:56:25,None
2025-05-20,03:56:27,None
2025-05-20,03:56:29,None
2025-05-20,03:56:31,None
2025-05-20,03:58:47,None
2025-05-20,03:58:47,None
2025-05-20,03:58:49,None
2025-05-20,03:58:51,None
2025-05-20,03:58:54,None
2025-05-20,03:58:56,None
2025-05-20,03:58:58,None
2025-05-20,03:59:00,None
2025-05-20,04:01:41,None
2025-05-20,04:01:41,None
2025-05-20,04:01:43,None
2025-05-20,04:01:45,None
2025-05-20,04:01:47,None
2025-05-20,04:01:49,None
2025-05-20,04:01:51,None
2025-05-20,04:01:53,None
2025-05-20,04:01:55,None
2025-05-20,04:01:57,None
2025-05-20,04:01:59,None
2025-05-20,04:02:01,None
2025-05-20,04:02:03,None
2025-05-20,04:02:05,None
2025-05-20,04:02:07,None
2025-05-20,04:02:09,None
2025-05-20,04:02:11,None
2025-05-20,04:02:13,None
2025-05-20,04:02:36,None
2025-05-20,04:02:36,None
2025-05-20,04:02:38,None
2025-05-20,04:02:40,None
2025-05-20,04:02:42,None
2025-05-20,04:02:44,None
2025-05-20,04:02:46,None
2025-05-20,04:02:48,None
2025-05-20,04:02:50,None
2025-05-20,04:02:52,None
2025-05-20,04:02:54,None
2025-05-20,04:02:56,None
2025-05-20,04:02:58,None
2025-05-20,04:03:00,None
2025-05-20,04:32:19,None
2025-05-20,04:32:19,None
2025-05-20,04:32:21,None
2025-05-20,04:32:23,None
2025-05-20,04:32:25,None
2025-05-20,04:50:40,None
2025-05-20,04:50:40,None
2025-05-20,04:50:42,None
2025-05-20,04:50:44,None
2025-05-20,04:50:46,None
2025-05-20,04:50:48,None
2025-05-20,04:50:50,None
2025-05-20,04:50:52,None
2025-05-20,04:50:55,None
2025-05-20,04:50:57,None
2025-05-20,04:50:59,None
2025-05-20,04:51:01,None
2025-05-20,04:51:03,None
2025-05-20,04:51:05,None
2025-05-20,04:51:07,None
2025-05-20,04:51:09,None
2025-05-20,04:51:11,None
2025-05-20,04:51:13,None
2025-05-20,04:51:15,None
2025-05-20,04:51:17,None
2025-05-20,04:51:19,None
2025-05-20,04:51:21,None
2025-05-20,04:51:23,None
2025-05-20,04:51:25,None
2025-05-20,04:51:27,None
2025-05-20,04:51:29,None
2025-05-20,04:51:31,None
2025-05-20,04:51:33,None
2025-05-20,04:51:35,None
2025-05-20,04:51:37,None
2025-05-20,04:51:39,None
2025-05-20,04:51:41,None
2025-05-20,04:51:43,None
2025-05-20,04:51:48,None
2025-05-20,04:52:20,None
2025-05-20,04:52:20,None
2025-05-20,04:52:22,None
2025-05-20,04:59:49,None
2025-05-20,04:59:49,None
2025-05-20,04:59:51,None
2025-05-20,04:59:53,None
2025-05-20,04:59:55,None
2025-05-20,05:00:45,None
2025-05-20,05:00:46,None
2025-05-20,05:00:48,None
2025-05-20,05:00:50,None
2025-05-20,05:01:51,None
2025-05-20,05:01:51,None
2025-05-20,05:01:53,None
2025-05-20,05:01:55,None
2025-05-20,05:01:57,None
2025-05-20,05:01:59,None
2025-05-20,05:02:01,None
2025-05-20,05:06:33,None
2025-05-20,05:06:33,None
2025-05-20,05:06:35,None
2025-05-20,05:06:38,None
2025-05-20,05:10:05,None
2025-05-20,05:10:05,None
2025-05-20,05:10:07,None
2025-05-20,05:10:09,None
2025-05-20,05:10:11,None
2025-05-20,05:10:13,None
2025-05-20,05:10:15,None
2025-05-20,05:10:17,None
2025-05-20,05:12:28,None
2025-05-20,05:12:28,None
2025-05-20,05:12:30,None
2025-05-20,05:12:32,None
2025-05-20,05:12:34,None
2025-05-20,05:12:36,None
2025-05-20,05:15:10,None
2025-05-20,05:15:10,None
2025-05-20,05:15:12,None
2025-05-20,05:15:14,None
2025-05-20,05:15:16,None
2025-05-20,05:15:18,None
2025-05-20,05:15:20,None
2025-05-20,05:15:22,None
2025-05-20,05:15:24,None
2025-05-20,05:15:26,None
2025-05-20,05:15:28,None
2025-05-20,05:15:30,None
2025-05-20,05:15:32,None
2025-05-20,05:15:34,None
2025-05-20,05:19:40,None
2025-05-20,05:19:41,None
2025-05-20,05:19:43,None
2025-05-20,05:19:45,None
2025-05-20,05:19:47,None
2025-05-20,05:19:49,None
2025-05-20,05:19:51,None
2025-05-20,05:22:33,None
2025-05-20,05:22:33,None
2025-05-20,05:22:35,None
2025-05-20,05:22:37,None
2025-05-20,05:22:39,None
2025-05-20,05:22:41,None
2025-05-20,05:22:43,None
2025-05-20,05:26:18,None
2025-05-20,05:26:18,None
2025-05-20,05:26:20,None
2025-05-20,05:26:22,None
2025-05-20,05:26:24,None
2025-05-20,05:26:26,None
2025-05-20,05:26:28,None
2025-05-20,05:26:30,None
2025-05-20,05:26:32,None
2025-05-20,05:26:34,None
2025-05-20,05:26:36,None
2025-05-20,05:26:38,None
2025-05-20,05:26:40,None
2025-05-20,05:28:42,None
2025-05-20,05:28:42,None
2025-05-20,05:28:44,None
2025-05-20,05:28:46,None
2025-05-20,05:28:48,None
2025-05-20,05:28:50,None
2025-05-20,05:28:52,None
2025-05-20,05:28:54,None
2025-05-20,05:28:56,None
2025-05-20,05:28:58,None
2025-05-20,05:30:37,None
2025-05-20,05:30:38,None
2025-05-20,05:30:40,None
2025-05-20,05:30:42,None
2025-05-20,05:30:44,None
2025-05-20,05:30:46,None
2025-05-20,05:30:48,None
2025-05-20,05:30:50,None
2025-05-20,05:30:52,None
2025-05-20,05:30:54,None
2025-05-20,05:30:56,None
2025-05-20,05:30:58,None
2025-05-20,05:31:00,None
2025-05-20,05:31:02,people
2025-05-20,05:31:04,people
2025-05-20,05:31:06,None
2025-05-20,05:31:08,None
2025-05-20,05:31:10,None
2025-05-20,05:31:12,None
2025-05-20,05:31:14,None
2025-05-20,05:31:16,technic
2025-05-20,05:31:18,technic
2025-05-20,05:31:20,food,technic
2025-05-20,05:31:22,food,technic
2025-05-20,05:31:24,food,technic
2025-05-20,05:31:26,food,technic
2025-05-20,05:31:28,food,technic
2025-05-20,05:31:30,food,technic
2025-05-20,05:31:32,food,technic
2025-05-20,05:31:34,food,technic
2025-05-20,05:31:36,food
2025-05-20,05:31:38,food
2025-05-20,05:31:40,food
2025-05-20,05:31:42,food,technic
2025-05-20,05:31:45,food
2025-05-20,05:31:47,None
2025-05-20,05:31:49,None
2025-05-20,05:31:51,None
2025-05-20,05:34:43,None
2025-05-20,05:34:43,None
2025-05-20,05:34:45,technic
2025-05-20,05:34:47,food
2025-05-20,05:34:49,food
2025-05-20,05:34:52,food,technic
2025-05-20,05:34:54,food,technic
2025-05-20,05:34:56,food,technic
2025-05-20,05:34:58,food,technic
2025-05-20,05:35:00,food,technic
2025-05-20,05:35:02,food,technic
2025-05-20,05:35:04,food,technic
2025-05-20,05:35:06,food,technic
2025-05-20,05:35:08,food,technic
2025-05-20,05:35:10,food,technic
2025-05-20,05:35:12,food,technic
2025-05-20,05:35:14,food,technic
2025-05-20,05:35:16,food
2025-05-20,05:35:18,food,technic
2025-05-20,05:35:20,people
2025-05-20,05:35:22,people
2025-05-20,05:35:24,people
2025-05-20,05:35:26,people
2025-05-20,05:35:28,people
2025-05-20,05:35:30,people
2025-05-20,05:35:32,people
2025-05-20,05:35:34,None
2025-05-20,05:35:36,None
2025-05-20,05:41:02,technic
2025-05-20,05:41:03,technic
2025-05-20,05:41:05,technic
2025-05-20,05:41:07,technic
2025-05-20,05:41:08,None
2025-05-20,05:45:41,None
2025-05-20,05:45:41,None
2025-05-20,05:45:43,None
2025-05-20,05:45:46,None
2025-05-20,05:45:48,None
2025-05-20,05:45:50,None
2025-05-20,05:45:52,None
2025-05-20,05:49:50,None
2025-05-20,05:49:50,None
2025-05-20,05:49:52,None
2025-05-20,05:49:54,None
2025-05-20,05:49:56,None
2025-05-20,05:55:34,None
2025-05-20,05:55:34,None
2025-05-20,05:55:36,None
2025-05-20,05:55:38,None
2025-05-20,05:55:40,None
2025-05-20,05:55:42,None
2025-05-20,05:55:44,None
2025-05-20,05:55:46,None
2025-05-20,05:55:48,None
2025-05-20,05:55:50,None
2025-05-20,05:55:52,None
2025-05-20,05:55:54,None
2025-05-20,05:55:56,None
2025-05-20,05:56:00,None
2025-05-20,16:55:10,None
2025-05-20,16:55:10,None
2025-05-20,16:55:13,people
2025-05-20,16:55:14,people
2025-05-20,16:55:17,people
2025-05-20,16:55:19,people
2025-05-20,16:55:21,people
2025-05-20,16:55:23,people
2025-05-20,16:55:25,people
2025-05-20,16:55:27,people,telephone
2025-05-20,16:55:29,people,telephone
2025-05-20,16:55:31,people,telephone
2025-05-20,16:55:32,people
2025-05-20,16:55:34,people
2025-05-20,16:55:37,people
2025-05-20,18:20:17,people
2025-05-20,18:20:17,people
2025-05-20,18:20:19,people
2025-05-20,18:20:21,people
2025-05-20,18:20:23,people
2025-05-20,18:20:25,people
2025-05-20,18:20:27,people
2025-05-20,18:20:29,people
2025-05-20,18:20:31,people
2025-05-20,18:20:33,people
2025-05-20,18:20:35,people
2025-05-20,18:20:37,people
2025-05-20,18:20:39,people
2025-05-20,18:20:41,people
2025-05-20,18:20:43,people
2025-05-20,18:20:45,people
2025-05-20,18:51:39,people
2025-05-20,18:51:40,people
2025-05-20,18:51:42,people
2025-05-20,18:51:44,people
2025-05-20,18:51:46,None
2025-05-20,18:51:48,people
2025-05-20,18:51:50,None
2025-05-20,18:51:52,people
2025-05-20,18:51:54,None
2025-05-20,18:51:56,people
2025-05-20,18:51:58,None
2025-05-20,18:52:00,people
2025-05-20,18:52:02,people
2025-05-20,18:52:05,people
2025-05-20,18:52:07,None
2025-05-20,18:52:09,None
2025-05-20,18:52:10,None
2025-05-20,18:52:12,people
2025-05-20,18:52:15,people
2025-05-20,18:52:17,people
2025-05-20,18:52:19,people
2025-05-20,18:52:20,people
2025-05-20,18:52:22,None
2025-05-20,18:52:24,None
2025-05-20,18:52:26,None
2025-05-20,18:52:28,None
2025-05-20,18:52:30,people
2025-05-20,18:52:32,people
2025-05-20,18:52:34,people
2025-05-20,18:52:37,None
2025-05-20,18:52:38,None
2025-05-20,18:52:41,people
2025-05-20,18:52:42,None
2025-05-20,18:52:44,None
2025-05-20,18:52:46,None
2025-05-20,18:52:48,None
2025-05-20,18:52:51,people
2025-05-20,18:52:53,people
2025-05-20,18:52:55,people
2025-05-20,18:52:57,people
2025-05-20,18:52:59,people
2025-05-20,18:53:01,people
2025-05-20,18:53:03,people
2025-05-20,18:53:05,people
2025-05-20,18:53:07,people
2025-05-20,18:53:09,people
2025-05-20,18:53:11,people
2025-05-20,18:53:13,people
2025-05-20,18:53:15,people
2025-05-20,18:53:17,people
2025-05-20,18:53:19,people
2025-05-20,18:53:21,people
2025-05-20,18:53:23,people
2025-05-20,18:53:25,people
2025-05-20,18:53:27,people
2025-05-20,18:53:29,people
2025-05-20,18:53:31,people
2025-05-20,18:53:33,people
2025-05-20,18:53:35,people
2025-05-20,18:53:37,people
2025-05-20,18:53:39,people
2025-05-20,18:53:41,people
2025-05-20,18:53:43,people
2025-05-20,18:53:45,people
2025-05-20,18:53:47,None
2025-05-20,18:53:49,None
2025-05-20,18:53:52,people
2025-05-20,18:53:53,people
2025-05-20,18:53:56,people
2025-05-20,18:53:58,people
2025-05-20,18:54:00,people
2025-05-20,18:54:02,people
2025-05-20,18:54:04,people
2025-05-20,18:54:06,people
2025-05-20,18:54:08,people
2025-05-20,18:54:10,people
2025-05-20,18:54:12,people
2025-05-20,18:54:14,people
2025-05-20,18:54:16,people
2025-05-20,18:54:18,people
2025-05-20,18:54:19,None
2025-05-20,18:54:22,people
2025-05-20,18:54:24,people
2025-05-20,18:54:26,None
2025-05-20,18:54:28,people
2025-05-20,18:54:30,people
2025-05-20,18:54:32,people
2025-05-20,18:54:34,people
2025-05-20,18:54:36,people
2025-05-20,18:54:38,people
2025-05-20,18:54:40,people
2025-05-20,18:54:42,None
2025-05-20,18:54:44,None
2025-05-20,18:54:46,None
2025-05-20,18:54:48,None
2025-05-20,18:54:50,None
2025-05-20,18:54:52,people
2025-05-20,18:54:54,people
2025-05-20,18:54:56,people
2025-05-20,18:54:59,None
2025-05-20,18:55:01,people
2025-05-20,18:55:03,people
2025-05-20,18:55:05,people
2025-05-20,18:55:07,people
2025-05-20,18:55:09,people,telephone
2025-05-20,18:55:10,None
2025-05-20,18:55:12,people
2025-05-20,18:55:14,people
2025-05-20,18:55:16,people,telephone
2025-05-20,18:55:18,people,telephone
2025-05-20,18:55:20,people,telephone
2025-05-20,18:55:22,people,telephone
2025-05-20,18:55:24,people,technic
2025-05-20,18:55:26,people
2025-05-20,18:55:28,people,telephone
2025-05-20,18:55:30,people
2025-05-20,18:55:32,people
2025-05-20,18:55:34,people
2025-05-20,18:55:36,None
2025-05-20,18:55:38,telephone
2025-05-20,18:55:40,people
2025-05-20,18:55:42,people
2025-05-20,18:55:44,people
2025-05-20,18:55:47,people
2025-05-20,18:55:48,people
2025-05-20,18:55:50,people
2025-05-20,18:55:52,food,people
2025-05-20,18:55:54,food,people
2025-05-20,18:55:56,food,people
2025-05-20,18:55:58,people
2025-05-20,18:56:01,people
2025-05-20,18:56:03,people
2025-05-20,18:56:04,people
2025-05-20,18:56:06,people
2025-05-20,18:56:09,people
2025-05-20,18:56:11,people
2025-05-20,18:56:13,people
2025-05-20,18:56:15,people
2025-05-20,18:56:17,people
2025-05-20,18:56:19,people
2025-05-20,18:56:21,people
2025-05-20,18:56:23,people
2025-05-20,18:56:25,people
2025-05-20,18:56:27,people
2025-05-20,18:56:29,people
2025-05-20,18:56:31,people
2025-05-20,18:56:33,people
2025-05-20,18:56:35,people
2025-05-20,18:56:37,people
2025-05-20,18:56:39,people
2025-05-20,18:56:41,people
2025-05-20,18:56:43,people
2025-05-20,18:56:45,people
2025-05-20,18:56:47,people
2025-05-20,18:56:49,people
2025-05-20,18:56:51,people
2025-05-20,18:56:53,people
2025-05-20,20:12:25,None
2025-05-20,20:12:25,None
2025-05-20,20:13:36,None
2025-05-20,20:13:37,None
2025-05-20,20:13:39,None
2025-05-20,20:13:41,None
2025-05-20,20:14:05,None
2025-05-20,20:14:05,None
2025-05-20,20:24:46,None
2025-05-20,20:24:47,None
2025-05-20,20:24:49,None
2025-05-20,20:25:08,None
2025-05-20,20:25:09,None
2025-05-20,20:25:11,None
2025-05-20,20:25:13,None
2025-05-20,20:25:15,None
2025-05-20,20:25:17,None
2025-05-20,20:25:19,None
2025-05-20,20:25:21,None
2025-05-20,20:25:41,people
2025-05-20,20:25:42,people
2025-05-20,20:25:44,people
2025-05-20,20:25:46,people
2025-05-20,20:25:48,people
2025-05-20,20:25:51,people
2025-05-20,20:25:53,people
2025-05-20,20:25:55,people
2025-05-20,20:25:56,people
2025-05-20,20:25:59,people
2025-05-20,20:26:00,people
2025-05-20,20:26:02,people
2025-05-20,20:26:04,people
2025-05-20,20:26:06,people
2025-05-20,20:26:08,people
2025-05-20,20:26:10,people
2025-05-20,20:26:12,people
2025-05-20,20:26:14,None
2025-05-20,20:26:16,None
2025-05-20,20:26:18,None
2025-05-20,20:26:20,technic
2025-05-20,20:26:23,people
2025-05-20,20:26:25,people,telephone
2025-05-20,20:26:27,people
2025-05-20,20:26:29,people
2025-05-20,20:26:31,people
2025-05-20,20:26:33,people
2025-05-20,20:26:35,None
2025-05-20,20:26:37,telephone
2025-05-20,20:26:39,people
2025-05-20,20:26:41,None
2025-05-20,20:26:43,people
2025-05-20,20:26:45,people
2025-05-20,20:26:47,people
2025-05-20,20:26:49,people
2025-05-20,20:26:51,people
2025-05-20,20:26:53,people
2025-05-20,20:26:55,people
2025-05-20,20:26:57,people
2025-05-20,20:26:59,people
2025-05-20,20:27:01,people
2025-05-20,20:27:03,people
2025-05-20,20:27:05,people
2025-05-20,20:27:07,people
2025-05-20,20:27:09,people
2025-05-20,20:27:11,people
2025-05-20,20:27:13,people
2025-05-20,20:27:15,people
2025-05-20,20:27:17,food,people
2025-05-20,20:27:19,people
2025-05-20,20:27:21,None
2025-05-20,20:27:23,people
2025-05-20,20:27:25,food,people
2025-05-20,20:27:27,food,people
2025-05-20,20:27:29,people
2025-05-20,20:27:31,people
2025-05-20,20:27:33,people
2025-05-20,20:27:35,people
2025-05-20,20:27:37,people
2025-05-20,20:27:39,people
2025-05-20,20:27:41,people
2025-05-20,20:27:43,None
2025-05-20,20:27:45,None
2025-05-20,20:27:47,people
2025-05-20,20:27:49,people
2025-05-20,20:27:51,people
2025-05-20,20:27:53,people
2025-05-20,20:27:55,people
2025-05-20,20:27:57,people
2025-05-20,20:27:59,people
2025-05-20,20:28:01,people
2025-05-20,20:28:03,people
2025-05-20,20:28:05,people
2025-05-20,20:28:07,people
2025-05-20,20:28:09,people
2025-05-20,20:28:11,people
2025-05-20,20:28:13,people
2025-05-20,20:28:15,people
2025-05-20,20:28:18,people
2025-05-20,20:28:20,people
2025-05-20,20:28:22,people
2025-05-20,20:28:24,people
2025-05-20,20:28:26,people
2025-05-20,20:28:28,people
2025-05-20,20:28:30,people
2025-05-20,20:28:32,people
2025-05-20,21:06:08,people
2025-05-20,21:06:08,people
2025-05-20,21:10:35,people
2025-05-20,21:18:22,people
2025-05-20,21:18:23,people
2025-05-20,21:18:24,people
2025-05-20,21:18:27,people
2025-05-20,21:18:29,people
2025-05-20,21:18:31,people
2025-05-20,21:18:33,people
2025-05-20,21:18:35,people,telephone
2025-05-20,21:18:37,people
2025-05-20,21:18:39,people
2025-05-20,21:18:41,people
2025-05-20,21:18:43,people
2025-05-20,21:18:45,people
2025-05-20,21:18:47,people
2025-05-20,21:18:49,people,telephone
2025-05-20,21:18:51,people,telephone
2025-05-20,21:18:53,people
2025-05-20,21:18:55,people
2025-05-20,21:18:57,people
2025-05-20,21:18:59,people
2025-05-20,21:19:01,people
2025-05-20,21:19:03,people
2025-05-20,21:19:05,people
2025-05-20,21:19:07,people
2025-05-20,21:19:09,None
2025-05-20,21:19:11,people
2025-05-20,21:19:13,people
2025-05-20,21:19:15,people
2025-05-20,21:19:17,people
2025-05-20,21:19:19,people
2025-05-20,21:19:21,people
2025-05-20,21:19:23,people
2025-05-20,21:19:25,people
2025-05-20,21:19:27,people
2025-05-20,21:19:29,people
2025-05-20,21:19:31,people
2025-05-20,21:19:33,people
2025-05-20,21:19:35,people
2025-05-20,21:19:37,people
2025-05-20,21:19:39,people
2025-05-20,21:19:41,people
2025-05-20,21:19:43,people
2025-05-20,21:19:45,people
2025-05-20,21:19:47,people
2025-05-20,21:19:49,people
2025-05-20,21:19:52,people
2025-05-20,21:19:54,people
2025-05-20,21:19:56,people
2025-05-20,21:19:58,people
2025-05-20,21:20:00,people
2025-05-20,21:20:02,people
2025-05-20,21:20:04,people
2025-05-20,21:20:06,people
2025-05-20,21:20:08,people
2025-05-20,21:20:10,people
2025-05-20,21:20:12,people
2025-05-20,21:20:14,people
2025-05-20,21:20:16,people
2025-05-20,21:20:18,people
2025-05-20,21:20:20,people
2025-05-20,21:20:22,people
2025-05-20,21:20:24,people
2025-05-20,21:20:26,people
2025-05-20,21:20:27,people
2025-05-20,21:20:30,people
2025-05-20,21:20:32,people
2025-05-20,21:20:34,people
2025-05-20,21:20:36,people
2025-05-20,21:20:38,people
2025-05-20,21:20:40,people
2025-05-20,21:20:42,people
2025-05-20,21:20:44,people
2025-05-20,21:20:46,people
2025-05-20,21:20:48,people
2025-05-20,21:20:50,people
2025-05-20,21:20:52,people
2025-05-20,21:20:54,people
2025-05-20,21:21:37,people
2025-05-20,21:21:37,people
2025-05-20,21:21:39,people
2025-05-20,21:22:55,people
2025-05-20,21:22:58,people
2025-05-20,21:23:00,people
2025-05-20,21:23:02,people
2025-05-20,21:23:04,people
2025-05-20,21:23:06,people,telephone
2025-05-20,21:23:08,people
2025-05-20,21:23:10,people
2025-05-20,21:23:12,people
2025-05-20,21:23:14,people
2025-05-20,21:23:16,people
2025-05-20,21:23:18,people
2025-05-20,21:23:20,people
2025-05-20,21:23:22,people
2025-05-20,21:23:24,people
2025-05-20,21:23:26,people
2025-05-20,21:23:28,people
2025-05-20,21:23:30,people
2025-05-20,21:23:32,people
2025-05-20,21:23:34,people
2025-05-20,21:23:36,people
2025-05-20,21:25:37,people
2025-05-20,21:25:38,people
2025-05-20,21:25:40,people
2025-05-20,21:25:43,people
2025-05-20,21:25:45,people
2025-05-20,21:26:05,people
2025-05-20,21:38:10,people
2025-05-20,21:38:11,people
2025-05-20,21:47:39,people
2025-05-20,21:47:40,people
2025-05-20,21:47:42,people
2025-05-20,21:47:44,people
2025-05-20,21:47:46,people
2025-05-20,21:47:48,people
2025-05-20,21:47:50,people
2025-05-20,21:47:52,people
2025-05-20,21:47:54,people
2025-05-20,21:47:56,people
2025-05-20,21:47:58,people
2025-05-20,21:48:00,people
2025-05-20,21:48:02,people
2025-05-20,21:48:04,people
2025-05-20,21:48:06,people
2025-05-20,21:48:08,people
2025-05-20,21:48:10,people
2025-05-20,21:48:12,people
2025-05-20,21:48:14,people
2025-05-20,21:48:16,people
2025-05-20,21:48:18,people
2025-05-20,21:48:20,people
2025-05-20,21:48:22,people
2025-05-20,21:48:24,people
2025-05-20,21:48:26,people
2025-05-20,21:48:28,people
2025-05-20,21:48:30,people
2025-05-20,21:48:32,people
2025-05-20,21:48:34,people
2025-05-20,21:48:36,people
2025-05-20,21:48:38,people
2025-05-20,21:48:40,people
2025-05-20,21:48:42,people
2025-05-20,21:48:44,people
2025-05-20,21:48:46,people
2025-05-20,21:48:48,people
2025-05-20,21:48:50,people
2025-05-20,21:49:41,people
2025-05-20,21:49:42,people
2025-05-20,21:49:44,people
2025-05-20,21:49:46,people
2025-05-20,21:49:48,people
2025-05-20,21:49:50,people
2025-05-20,21:49:52,people
2025-05-20,21:49:54,people
2025-05-20,21:49:56,people
2025-05-20,21:49:58,people
2025-05-20,21:50:00,people
2025-05-20,22:39:31,people
2025-05-20,22:39:32,people
2025-05-20,22:54:04,people
2025-05-20,22:54:05,people
2025-05-20,22:54:07,people
2025-05-20,22:54:09,people
2025-05-20,22:54:11,people
2025-05-20,22:54:13,people
2025-05-20,22:54:15,people
2025-05-20,22:54:17,people
2025-05-20,22:54:39,people
2025-05-20,22:54:40,people
2025-05-20,22:54:41,people
2025-05-20,22:54:44,people
2025-05-20,22:54:46,people
2025-05-20,22:54:47,people
2025-05-20,22:54:50,people
2025-05-20,22:54:52,people,telephone
2025-05-20,22:54:54,people
2025-05-20,22:54:56,people
2025-05-20,22:54:58,people
2025-05-20,22:55:00,people
2025-05-20,22:55:02,people
2025-05-20,22:55:04,people
2025-05-20,22:55:06,people
2025-05-20,22:55:08,people
2025-05-20,22:55:10,people
2025-05-20,22:55:12,people
2025-05-20,22:55:14,people
2025-05-20,22:55:16,people
2025-05-20,22:55:18,people
2025-05-20,22:55:20,people
2025-05-20,22:55:22,people
2025-05-20,22:55:24,people
2025-05-20,22:55:26,people
2025-05-20,22:55:28,people
2025-05-20,22:55:30,people
2025-05-20,22:55:32,people
2025-05-20,22:55:34,people
2025-05-20,22:55:36,people
2025-05-20,22:55:38,people
2025-05-20,22:55:40,people
2025-05-20,22:55:42,people
2025-05-20,22:55:44,people
2025-05-20,22:55:46,people
2025-05-20,22:55:48,people
2025-05-20,22:55:50,people
2025-05-20,22:55:52,None
2025-05-20,22:55:54,people
2025-05-20,22:55:56,people
2025-05-20,22:55:58,people
2025-05-20,22:56:00,people
2025-05-20,22:56:02,people
2025-05-20,22:56:09,None
2025-05-20,22:56:11,people
2025-05-20,22:56:13,people
2025-05-20,22:56:15,people
2025-05-20,22:56:17,people
2025-05-20,22:56:19,people
2025-05-20,22:56:21,people
2025-05-20,22:56:25,people
2025-05-20,22:56:27,people
2025-05-20,22:56:30,people
2025-05-20,22:59:38,people
2025-05-20,22:59:39,people
2025-05-20,22:59:40,people
2025-05-20,22:59:42,people
2025-05-20,22:59:45,None
2025-05-20,22:59:47,None
2025-05-20,22:59:49,people
2025-05-20,22:59:50,people
2025-05-20,22:59:53,None
2025-05-20,22:59:54,None
2025-05-20,22:59:57,None
2025-05-20,22:59:59,people
2025-05-20,23:00:01,None
2025-05-20,23:00:03,None
2025-05-20,23:00:05,None
2025-05-20,23:00:07,None
2025-05-20,23:00:09,people
2025-05-20,23:00:11,people
2025-05-20,23:00:13,people,technic
2025-05-20,23:00:15,None
2025-05-20,23:00:17,people
2025-05-20,23:00:21,people
2025-05-20,23:00:23,people
2025-05-20,23:00:25,people
2025-05-20,23:00:26,people
2025-05-20,23:00:29,people
2025-05-20,23:00:31,people
2025-05-20,23:00:33,people
2025-05-20,23:00:35,people
2025-05-20,23:00:37,people
2025-05-20,23:00:39,people
2025-05-20,23:00:41,people
2025-05-20,23:10:14,people
2025-05-20,23:10:15,people
2025-05-20,23:10:17,people
2025-05-20,23:10:40,people
2025-05-20,23:10:42,people
2025-05-20,23:12:14,people
2025-05-20,23:12:14,people
2025-05-20,23:12:16,people
2025-05-20,23:12:18,people
2025-05-20,23:12:20,people
2025-05-20,23:13:18,people
2025-05-20,23:13:19,people
2025-05-20,23:13:21,people
2025-05-20,23:13:23,people
2025-05-20,23:13:25,people
2025-05-20,23:13:27,people
2025-05-20,23:13:29,people
2025-05-20,23:13:31,people
2025-05-20,23:13:33,people
2025-05-20,23:14:56,people
2025-05-20,23:14:58,people
2025-05-20,23:15:00,people
2025-05-20,23:15:01,people
2025-05-20,23:15:04,people
2025-05-20,23:15:06,people
2025-05-20,23:15:09,people
2025-05-20,23:21:11,people
2025-05-20,23:21:11,people
2025-05-20,23:21:13,people
2025-05-20,23:21:15,people
2025-05-20,23:21:17,people
2025-05-20,23:21:19,None
2025-05-20,23:21:21,people
2025-05-20,23:21:24,people
2025-05-20,23:21:26,people
2025-05-20,23:21:28,people
2025-05-20,23:21:30,people
2025-05-20,23:21:32,people
2025-05-20,23:21:34,people
2025-05-20,23:21:36,people
2025-05-20,23:21:38,people
2025-05-20,23:21:40,people
2025-05-20,23:21:42,people
2025-05-20,23:21:44,people
2025-05-20,23:21:46,people
2025-05-20,23:38:37,people
2025-05-20,23:38:37,people
