2025-05-26,01:14:36,None
2025-05-26,01:14:39,None
2025-05-26,01:14:41,None
2025-05-26,01:14:43,None
2025-05-26,01:14:45,Kirill
2025-05-26,01:14:47,None
2025-05-26,01:14:49,None
2025-05-26,01:14:51,None
2025-05-26,01:14:53,None
2025-05-26,01:14:56,Kirill
2025-05-26,01:14:58,Kirill
2025-05-26,01:14:59,None
2025-05-26,01:15:01,None
2025-05-26,01:15:03,None
2025-05-26,01:15:05,None
2025-05-26,01:15:07,None
2025-05-26,01:15:09,None
2025-05-26,01:15:11,None
2025-05-26,01:15:13,None
2025-05-26,01:15:15,None
2025-05-26,01:15:17,None
2025-05-26,01:15:19,None
2025-05-26,01:15:21,None
2025-05-26,01:15:24,None
2025-05-26,01:15:26,None
2025-05-26,01:15:28,None
2025-05-26,01:15:30,None
2025-05-26,01:15:32,None
2025-05-26,01:15:34,None
2025-05-26,01:15:36,None
2025-05-26,01:15:38,None
2025-05-26,01:15:40,None
2025-05-26,01:15:42,None
2025-05-26,01:15:44,None
2025-05-26,01:15:46,None
2025-05-26,01:15:48,None
2025-05-26,01:15:50,None
2025-05-26,01:15:52,None
2025-05-26,01:15:54,None
2025-05-26,01:15:56,None
2025-05-26,01:15:58,None
2025-05-26,01:16:00,None
2025-05-26,01:16:02,None
2025-05-26,01:16:04,None
2025-05-26,01:16:06,None
2025-05-26,01:16:08,None
2025-05-26,01:16:10,None
2025-05-26,01:16:12,None
2025-05-26,01:16:14,None
2025-05-26,01:16:16,None
2025-05-26,01:16:18,None
2025-05-26,01:16:20,None
2025-05-26,01:16:22,None
2025-05-26,01:16:24,None
2025-05-26,01:16:26,None
2025-05-26,01:16:28,None
2025-05-26,01:16:30,None
2025-05-26,01:16:32,None
2025-05-26,01:16:34,None
2025-05-26,01:16:36,None
2025-05-26,01:16:38,None
2025-05-26,01:16:40,None
2025-05-26,01:16:42,None
2025-05-26,01:16:44,None
2025-05-26,01:16:46,None
2025-05-26,01:16:48,None
2025-05-26,01:16:50,None
2025-05-26,01:16:52,None
2025-05-26,01:16:54,None
2025-05-26,01:16:56,None
2025-05-26,01:16:58,None
2025-05-26,01:17:01,None
2025-05-26,01:17:03,None
2025-05-26,01:17:05,None
2025-05-26,01:17:07,None
2025-05-26,01:17:09,None
2025-05-26,01:17:11,None
2025-05-26,01:17:13,None
2025-05-26,01:17:15,None
2025-05-26,01:17:17,None
2025-05-26,01:17:19,None
2025-05-26,01:17:21,None
2025-05-26,01:17:23,None
2025-05-26,01:17:25,None
2025-05-26,01:17:27,None
2025-05-26,01:17:29,None
2025-05-26,01:17:31,None
2025-05-26,01:17:33,None
2025-05-26,01:17:35,None
2025-05-26,01:17:37,None
2025-05-26,01:17:39,None
2025-05-26,01:17:41,None
2025-05-26,01:17:43,None
2025-05-26,01:17:45,None
2025-05-26,01:17:47,None
2025-05-26,01:17:49,None
2025-05-26,01:17:51,None
2025-05-26,01:17:53,None
2025-05-26,01:17:55,None
2025-05-26,01:17:57,None
2025-05-26,01:17:59,None
2025-05-26,01:18:01,None
2025-05-26,01:18:03,None
2025-05-26,01:18:05,None
2025-05-26,01:18:07,None
2025-05-26,01:18:10,None
2025-05-26,01:18:12,None
2025-05-26,01:18:14,None
2025-05-26,01:18:16,None
2025-05-26,01:18:18,None
2025-05-26,01:18:20,None
2025-05-26,01:18:22,None
2025-05-26,01:18:24,None
2025-05-26,01:18:26,None
2025-05-26,01:18:28,None
2025-05-26,01:18:30,None
2025-05-26,01:18:32,None
2025-05-26,01:18:34,None
2025-05-26,01:18:36,None
2025-05-26,01:18:38,None
2025-05-26,01:18:40,None
2025-05-26,01:18:42,None
2025-05-26,01:18:44,None
2025-05-26,01:18:46,None
2025-05-26,01:18:48,None
2025-05-26,01:18:50,None
2025-05-26,01:18:52,None
2025-05-26,01:18:54,None
2025-05-26,01:18:56,None
2025-05-26,01:18:58,None
2025-05-26,01:19:00,None
2025-05-26,01:19:02,None
2025-05-26,01:19:04,None
2025-05-26,01:19:06,None
2025-05-26,01:19:08,None
2025-05-26,01:19:10,None
2025-05-26,01:19:12,None
2025-05-26,01:19:14,None
2025-05-26,01:19:16,None
2025-05-26,01:19:18,None
2025-05-26,01:19:21,None
2025-05-26,01:19:23,None
2025-05-26,01:19:25,None
2025-05-26,01:19:27,None
2025-05-26,01:19:29,None
2025-05-26,01:19:31,None
2025-05-26,01:19:33,None
2025-05-26,01:19:35,None
2025-05-26,01:19:37,None
2025-05-26,01:19:39,None
2025-05-26,01:19:41,None
2025-05-26,01:19:43,None
2025-05-26,01:19:45,None
2025-05-26,01:19:47,None
2025-05-26,01:19:49,None
2025-05-26,01:19:51,None
2025-05-26,01:19:53,None
2025-05-26,01:19:55,None
2025-05-26,01:19:57,None
2025-05-26,01:19:59,None
2025-05-26,01:20:01,None
2025-05-26,01:20:03,None
2025-05-26,01:20:05,None
2025-05-26,01:20:07,None
2025-05-26,01:20:09,None
2025-05-26,01:20:11,None
2025-05-26,01:20:13,None
2025-05-26,01:20:15,None
2025-05-26,01:20:17,None
2025-05-26,01:20:19,None
2025-05-26,01:20:21,None
2025-05-26,01:20:23,None
2025-05-26,01:20:25,None
2025-05-26,01:20:27,None
2025-05-26,01:20:29,None
2025-05-26,01:20:31,None
2025-05-26,01:20:33,None
2025-05-26,01:20:35,None
2025-05-26,01:20:37,None
2025-05-26,01:20:39,None
2025-05-26,01:20:41,None
2025-05-26,01:20:43,None
2025-05-26,01:20:45,None
2025-05-26,01:20:47,None
2025-05-26,01:20:49,None
2025-05-26,01:20:51,None
2025-05-26,01:20:53,None
2025-05-26,01:20:55,None
2025-05-26,01:20:57,None
2025-05-26,01:20:59,None
2025-05-26,01:21:01,None
2025-05-26,01:21:03,None
2025-05-26,01:21:05,None
2025-05-26,01:21:07,None
2025-05-26,01:21:10,None
2025-05-26,01:21:12,None
2025-05-26,01:21:14,None
2025-05-26,01:21:16,None
2025-05-26,01:21:18,None
2025-05-26,01:21:20,None
2025-05-26,01:21:22,None
2025-05-26,01:21:24,None
2025-05-26,01:21:26,None
2025-05-26,01:21:28,None
2025-05-26,01:21:30,None
2025-05-26,01:21:32,None
2025-05-26,01:21:34,None
2025-05-26,01:21:36,None
2025-05-26,01:21:38,None
2025-05-26,01:21:40,None
2025-05-26,01:21:42,None
2025-05-26,01:21:44,None
2025-05-26,01:21:46,None
2025-05-26,01:21:48,None
2025-05-26,01:21:50,None
2025-05-26,01:21:52,None
2025-05-26,01:21:54,None
2025-05-26,01:21:56,None
2025-05-26,01:21:58,None
2025-05-26,01:22:00,None
2025-05-26,01:22:02,None
2025-05-26,01:22:04,None
2025-05-26,01:22:06,None
2025-05-26,01:22:08,None
2025-05-26,01:22:10,None
2025-05-26,01:22:12,None
2025-05-26,01:22:14,None
2025-05-26,01:22:16,None
2025-05-26,01:22:18,None
2025-05-26,01:22:20,None
2025-05-26,01:22:22,None
2025-05-26,01:22:24,None
2025-05-26,01:22:26,None
2025-05-26,01:22:28,None
2025-05-26,01:22:30,None
2025-05-26,01:22:33,None
2025-05-26,01:22:35,None
2025-05-26,01:22:37,None
2025-05-26,01:22:39,None
2025-05-26,01:22:41,None
2025-05-26,01:22:43,None
2025-05-26,01:22:45,None
2025-05-26,01:22:47,None
2025-05-26,01:22:49,None
2025-05-26,01:22:51,None
2025-05-26,01:22:53,None
2025-05-26,01:22:55,None
2025-05-26,01:22:57,None
2025-05-26,01:22:59,None
2025-05-26,01:23:01,None
2025-05-26,01:23:03,None
2025-05-26,01:23:05,None
2025-05-26,01:23:07,None
2025-05-26,01:23:09,None
2025-05-26,01:23:11,None
2025-05-26,01:23:13,None
2025-05-26,01:23:15,None
2025-05-26,01:23:17,None
2025-05-26,01:23:19,None
2025-05-26,01:23:21,None
2025-05-26,01:23:23,None
2025-05-26,01:23:25,None
2025-05-26,01:23:27,None
2025-05-26,01:23:29,None
2025-05-26,01:23:31,None
2025-05-26,01:23:33,None
2025-05-26,01:23:35,None
2025-05-26,01:23:37,None
2025-05-26,01:23:39,None
2025-05-26,01:23:41,None
2025-05-26,01:23:43,None
2025-05-26,01:23:46,None
2025-05-26,01:23:48,None
2025-05-26,01:23:50,None
2025-05-26,01:23:52,None
2025-05-26,01:23:54,None
2025-05-26,01:23:56,None
2025-05-26,01:23:58,None
2025-05-26,01:24:00,None
2025-05-26,01:24:02,None
2025-05-26,01:24:04,None
2025-05-26,01:24:06,None
2025-05-26,01:24:08,None
2025-05-26,01:24:10,None
2025-05-26,01:24:12,None
2025-05-26,01:24:14,None
2025-05-26,01:24:16,None
2025-05-26,01:24:18,None
2025-05-26,01:24:20,None
2025-05-26,01:24:22,None
2025-05-26,01:24:24,None
2025-05-26,01:24:26,None
2025-05-26,01:24:28,None
2025-05-26,01:24:30,None
2025-05-26,01:24:32,None
2025-05-26,01:24:34,None
2025-05-26,01:24:36,None
2025-05-26,01:24:38,None
2025-05-26,01:24:40,None
2025-05-26,01:24:42,None
2025-05-26,01:24:44,None
2025-05-26,01:24:46,None
2025-05-26,01:24:48,None
2025-05-26,01:24:50,None
2025-05-26,01:24:52,None
2025-05-26,01:24:55,None
2025-05-26,01:24:57,None
2025-05-26,01:24:59,None
2025-05-26,01:25:01,None
2025-05-26,01:25:03,None
2025-05-26,01:25:05,None
2025-05-26,01:25:07,None
2025-05-26,01:25:09,None
2025-05-26,01:25:11,None
2025-05-26,01:25:13,None
2025-05-26,01:25:15,None
2025-05-26,01:25:17,None
2025-05-26,01:25:19,None
2025-05-26,01:25:21,None
2025-05-26,01:25:23,None
2025-05-26,01:25:25,None
2025-05-26,01:25:27,None
2025-05-26,01:25:29,None
2025-05-26,01:25:31,None
2025-05-26,01:25:33,None
2025-05-26,01:25:35,None
2025-05-26,01:25:37,None
2025-05-26,01:25:39,None
2025-05-26,01:25:41,None
2025-05-26,01:25:43,None
2025-05-26,01:25:45,None
2025-05-26,01:25:47,None
2025-05-26,01:25:49,None
2025-05-26,01:25:51,None
2025-05-26,01:25:53,None
2025-05-26,01:25:55,None
2025-05-26,01:25:57,None
2025-05-26,01:25:59,None
2025-05-26,01:26:01,None
2025-05-26,01:26:03,None
2025-05-26,01:26:05,None
2025-05-26,01:26:07,None
2025-05-26,01:26:09,None
2025-05-26,01:26:11,None
2025-05-26,01:26:13,None
2025-05-26,01:26:15,None
2025-05-26,01:26:17,None
2025-05-26,01:26:19,None
2025-05-26,01:26:21,None
2025-05-26,01:26:23,None
2025-05-26,01:26:26,None
2025-05-26,01:26:28,None
2025-05-26,01:26:30,None
2025-05-26,01:26:32,None
2025-05-26,01:26:34,None
2025-05-26,01:26:36,None
2025-05-26,01:26:38,None
2025-05-26,01:26:40,None
2025-05-26,01:26:42,None
2025-05-26,01:26:44,None
2025-05-26,01:26:46,None
2025-05-26,01:26:48,None
2025-05-26,01:26:50,None
2025-05-26,01:26:52,None
2025-05-26,01:26:54,None
2025-05-26,01:26:56,None
2025-05-26,01:26:58,None
2025-05-26,01:27:00,None
2025-05-26,01:27:02,None
2025-05-26,01:27:04,None
2025-05-26,01:27:06,None
2025-05-26,01:27:08,None
2025-05-26,01:27:10,None
2025-05-26,01:27:12,None
2025-05-26,01:27:14,None
2025-05-26,01:27:16,None
2025-05-26,01:27:18,None
2025-05-26,01:27:20,None
2025-05-26,01:27:22,None
2025-05-26,01:27:24,None
2025-05-26,01:27:26,None
2025-05-26,01:27:28,None
2025-05-26,01:27:30,None
2025-05-26,01:27:32,None
2025-05-26,01:27:34,None
2025-05-26,01:27:36,None
2025-05-26,01:27:38,None
2025-05-26,01:27:40,None
2025-05-26,01:27:42,None
2025-05-26,01:27:44,None
2025-05-26,01:27:46,None
2025-05-26,01:27:48,None
2025-05-26,01:27:50,None
2025-05-26,01:27:52,None
2025-05-26,01:27:55,None
2025-05-26,01:27:57,None
2025-05-26,01:27:59,None
2025-05-26,01:28:01,None
2025-05-26,01:28:03,None
2025-05-26,01:28:05,None
2025-05-26,01:28:07,None
2025-05-26,01:28:09,None
2025-05-26,01:28:11,None
2025-05-26,01:28:13,None
2025-05-26,01:28:15,None
2025-05-26,01:28:17,None
2025-05-26,01:28:19,None
2025-05-26,01:28:21,None
2025-05-26,01:28:23,None
2025-05-26,01:28:25,None
2025-05-26,01:28:27,None
2025-05-26,01:28:29,None
2025-05-26,01:28:31,None
2025-05-26,01:28:33,None
2025-05-26,01:28:35,None
2025-05-26,01:28:37,None
2025-05-26,01:28:39,None
2025-05-26,01:28:41,None
2025-05-26,01:28:43,None
2025-05-26,01:28:45,None
2025-05-26,01:28:47,None
2025-05-26,01:28:49,None
2025-05-26,01:28:51,None
2025-05-26,01:28:53,None
2025-05-26,01:28:55,None
2025-05-26,01:28:57,None
2025-05-26,01:28:59,None
2025-05-26,01:29:01,None
2025-05-26,01:29:03,None
2025-05-26,01:29:05,None
2025-05-26,01:29:07,None
2025-05-26,01:29:09,None
2025-05-26,01:29:12,None
2025-05-26,01:29:14,None
2025-05-26,01:29:16,None
2025-05-26,01:29:18,None
2025-05-26,01:29:20,None
2025-05-26,01:29:22,None
2025-05-26,01:29:24,None
2025-05-26,01:29:26,None
2025-05-26,01:29:28,None
2025-05-26,01:29:30,None
2025-05-26,01:29:32,None
2025-05-26,01:29:34,None
2025-05-26,01:29:36,None
2025-05-26,01:29:38,None
2025-05-26,01:29:40,None
2025-05-26,01:29:42,None
2025-05-26,01:29:44,None
2025-05-26,01:29:46,None
2025-05-26,01:29:48,None
2025-05-26,01:29:50,None
2025-05-26,01:29:52,None
2025-05-26,01:29:54,None
2025-05-26,01:29:56,None
2025-05-26,01:29:58,None
2025-05-26,01:30:00,None
2025-05-26,01:30:02,None
2025-05-26,01:30:04,None
2025-05-26,01:30:06,None
2025-05-26,01:30:08,None
2025-05-26,01:30:10,None
2025-05-26,01:30:12,None
2025-05-26,01:30:14,None
2025-05-26,01:30:16,None
2025-05-26,01:30:18,None
2025-05-26,01:30:20,None
2025-05-26,01:30:22,None
2025-05-26,01:30:24,None
2025-05-26,01:30:26,None
2025-05-26,01:30:28,None
2025-05-26,01:30:30,None
2025-05-26,01:30:32,None
2025-05-26,01:30:34,None
2025-05-26,01:30:36,None
2025-05-26,01:30:38,None
2025-05-26,01:30:40,None
2025-05-26,01:30:42,None
2025-05-26,01:30:44,None
2025-05-26,01:30:46,None
2025-05-26,01:30:49,None
2025-05-26,01:30:51,None
2025-05-26,01:30:53,None
2025-05-26,01:30:55,None
2025-05-26,01:30:57,None
2025-05-26,01:30:59,None
2025-05-26,01:31:01,None
2025-05-26,01:31:03,None
2025-05-26,01:31:05,None
2025-05-26,01:31:07,None
2025-05-26,01:31:09,None
2025-05-26,01:31:11,None
2025-05-26,01:31:13,None
2025-05-26,01:31:15,None
2025-05-26,01:31:17,None
2025-05-26,01:31:19,None
2025-05-26,01:31:21,None
2025-05-26,01:31:23,None
2025-05-26,01:31:25,None
2025-05-26,01:31:27,None
2025-05-26,01:31:29,None
2025-05-26,01:31:31,None
2025-05-26,01:31:33,None
2025-05-26,01:31:35,None
2025-05-26,01:31:37,None
2025-05-26,01:31:39,None
2025-05-26,01:31:41,None
2025-05-26,01:31:43,None
2025-05-26,01:31:45,None
2025-05-26,01:31:47,None
2025-05-26,01:31:49,None
2025-05-26,01:31:51,None
2025-05-26,01:31:53,None
2025-05-26,01:31:55,None
2025-05-26,01:31:57,None
2025-05-26,01:31:59,None
2025-05-26,01:32:01,None
2025-05-26,01:32:03,None
2025-05-26,01:32:05,None
2025-05-26,01:32:07,None
2025-05-26,01:32:09,None
2025-05-26,01:32:11,None
2025-05-26,01:32:14,None
2025-05-26,01:32:16,None
2025-05-26,01:32:18,None
2025-05-26,01:32:20,None
2025-05-26,01:32:22,None
2025-05-26,01:32:24,None
2025-05-26,01:32:26,None
2025-05-26,01:32:28,None
2025-05-26,01:32:30,None
2025-05-26,01:32:32,None
2025-05-26,01:32:34,None
2025-05-26,01:32:36,None
2025-05-26,01:32:38,None
2025-05-26,01:32:40,None
2025-05-26,01:32:42,None
2025-05-26,01:32:44,None
2025-05-26,01:32:46,None
2025-05-26,01:32:48,None
2025-05-26,01:32:50,None
2025-05-26,01:32:52,None
2025-05-26,01:32:54,None
2025-05-26,01:32:56,None
2025-05-26,01:32:58,None
2025-05-26,01:33:00,None
2025-05-26,01:33:02,None
2025-05-26,01:33:04,None
2025-05-26,01:33:06,None
2025-05-26,01:33:08,None
2025-05-26,01:33:10,None
2025-05-26,01:33:12,None
2025-05-26,01:33:14,None
2025-05-26,01:33:16,None
2025-05-26,01:33:18,None
2025-05-26,01:33:20,None
2025-05-26,01:33:22,None
2025-05-26,01:33:24,None
2025-05-26,01:33:26,None
2025-05-26,01:33:28,None
2025-05-26,01:33:30,None
2025-05-26,01:33:32,None
2025-05-26,01:33:34,None
2025-05-26,01:33:37,None
2025-05-26,01:33:39,None
2025-05-26,01:33:41,None
2025-05-26,01:33:43,None
2025-05-26,01:33:45,None
2025-05-26,01:33:47,None
2025-05-26,01:33:49,None
2025-05-26,01:33:51,None
2025-05-26,01:33:53,None
2025-05-26,01:33:55,None
2025-05-26,01:33:57,None
2025-05-26,01:33:59,None
2025-05-26,01:34:01,None
2025-05-26,01:34:03,None
2025-05-26,01:34:05,None
2025-05-26,01:34:07,None
2025-05-26,01:34:09,None
