2025-05-19,00:41:58,None
2025-05-19,00:42:01,None
2025-05-19,00:42:03,None
2025-05-19,00:42:05,None
2025-05-19,00:42:07,None
2025-05-19,00:42:09,None
2025-05-19,00:42:13,None
2025-05-19,00:42:15,None
2025-05-19,00:42:17,None
2025-05-19,00:42:19,None
2025-05-19,00:42:21,None
2025-05-19,00:42:23,None
2025-05-19,00:42:25,None
2025-05-19,00:42:27,Kirill
2025-05-19,00:42:29,Unknown
2025-05-19,00:42:31,Unknown
2025-05-19,00:42:33,Unknown
2025-05-19,00:42:35,None
2025-05-19,00:42:37,None
2025-05-19,00:42:39,None
2025-05-19,00:42:41,None
2025-05-19,00:42:43,None
2025-05-19,00:42:45,None
2025-05-19,00:42:47,None
2025-05-19,00:42:49,None
2025-05-19,00:42:51,None
2025-05-19,00:42:53,None
2025-05-19,00:42:55,None
2025-05-19,00:42:57,None
2025-05-19,00:42:59,None
2025-05-19,00:43:01,None
2025-05-19,00:43:03,None
2025-05-19,00:43:05,None
2025-05-19,00:43:07,None
2025-05-19,00:43:09,None
2025-05-19,00:43:11,None
2025-05-19,00:43:13,None
2025-05-19,00:43:15,None
2025-05-19,00:43:17,None
2025-05-19,00:43:19,None
2025-05-19,00:43:21,None
2025-05-19,00:43:24,None
2025-05-19,00:43:26,None
2025-05-19,00:43:28,None
2025-05-19,00:43:30,None
2025-05-19,00:43:32,None
2025-05-19,00:43:34,None
2025-05-19,00:43:36,None
2025-05-19,00:43:38,None
2025-05-19,00:43:40,None
2025-05-19,00:43:42,None
2025-05-19,00:43:44,None
2025-05-19,00:43:46,None
2025-05-19,00:43:48,Kirill
2025-05-19,00:43:50,Kirill
2025-05-19,00:43:52,Kirill
2025-05-19,00:43:54,Kirill
2025-05-19,00:43:56,None
2025-05-19,00:43:58,Unknown
2025-05-19,00:44:00,None
2025-05-19,00:44:02,None
2025-05-19,00:44:04,None
2025-05-19,00:44:06,None
2025-05-19,00:44:08,None
2025-05-19,00:44:10,None
2025-05-19,00:44:12,None
2025-05-19,00:44:14,None
2025-05-19,00:44:16,None
2025-05-19,00:44:18,None
2025-05-19,00:44:20,None
2025-05-19,00:44:22,None
2025-05-19,00:44:24,None
2025-05-19,00:44:26,None
2025-05-19,00:44:28,None
2025-05-19,00:44:30,None
2025-05-19,00:44:32,None
2025-05-19,00:44:34,None
2025-05-19,00:44:36,None
2025-05-19,00:44:38,None
2025-05-19,00:44:40,None
2025-05-19,00:44:42,None
2025-05-19,00:44:45,None
2025-05-19,00:44:47,None
2025-05-19,00:44:49,None
2025-05-19,00:44:51,None
2025-05-19,00:44:53,None
2025-05-19,00:44:55,None
2025-05-19,17:04:24,Unknown
2025-05-19,17:04:27,Unknown
2025-05-19,17:04:29,Unknown
2025-05-19,17:04:31,Kirill
2025-05-19,17:04:33,Unknown
2025-05-19,17:04:36,Unknown
2025-05-19,17:04:38,Unknown
2025-05-19,17:04:40,Unknown
2025-05-19,17:04:42,Unknown
2025-05-19,17:04:44,Kirill
2025-05-19,17:04:46,Kirill
2025-05-19,17:04:47,None
2025-05-19,17:04:49,None
2025-05-19,17:04:51,None
2025-05-19,17:04:53,None
2025-05-19,17:04:55,None
2025-05-19,17:04:57,None
2025-05-19,17:04:59,None
2025-05-19,17:05:01,None
2025-05-19,17:05:03,None
2025-05-19,17:05:05,None
2025-05-19,17:05:07,None
2025-05-19,17:05:09,None
2025-05-19,17:05:11,None
2025-05-19,17:05:14,None
2025-05-19,17:05:16,None
2025-05-19,17:05:18,None
2025-05-19,17:05:20,None
2025-05-19,17:05:22,None
2025-05-19,17:05:24,None
2025-05-19,17:05:26,None
2025-05-19,17:05:28,None
2025-05-19,17:05:30,None
2025-05-19,17:05:32,None
2025-05-19,17:05:34,None
2025-05-19,17:05:36,None
2025-05-19,17:05:38,None
2025-05-19,17:05:40,None
2025-05-19,17:05:42,None
2025-05-19,17:05:44,None
2025-05-19,17:05:46,None
2025-05-19,17:05:48,None
2025-05-19,17:05:50,None
2025-05-19,17:05:52,None
2025-05-19,17:05:54,None
2025-05-19,17:05:56,None
2025-05-19,17:05:58,None
2025-05-19,17:06:00,None
2025-05-19,17:06:02,None
2025-05-19,17:06:04,None
2025-05-19,17:06:06,None
2025-05-19,17:06:08,Kirill
2025-05-19,17:06:11,Kirill
2025-05-19,17:06:13,Kirill
2025-05-19,17:06:15,Kirill
2025-05-19,17:06:17,Kirill
2025-05-19,17:06:19,Kirill
2025-05-19,17:06:21,Kirill
2025-05-19,17:06:22,None
2025-05-19,17:06:25,Kirill
2025-05-19,17:06:27,Kirill
2025-05-19,17:06:29,Kirill
2025-05-19,17:06:31,Kirill
2025-05-19,17:06:33,Kirill
2025-05-19,17:06:35,Unknown
2025-05-19,17:06:37,Kirill
2025-05-19,17:06:38,None
2025-05-19,17:06:41,None
2025-05-19,17:06:43,Kirill
2025-05-19,17:06:45,Kirill
2025-05-19,17:06:47,None
2025-05-19,17:06:49,None
2025-05-19,17:06:51,None
2025-05-19,17:06:53,None
